Title,Price,Date
Funny Got Data MIS Data Systems Business Analyst T-Shirt,16.99,2021-09-07
Funny Got Data MIS Data Systems Business Analyst T-Shirt,16.99,2021-09-07
Funny Got Data MIS Data Systems Business Analyst T-Shirt,16.99,2021-09-07
Funny Got Data MIS Data Systems Business Analyst T-Shirt,16.99,2021-09-07
Funny Got Data MIS Data Systems Business Analyst T-Shirt,16.99,2021-09-07
Funny Got Data MIS Data Systems Business Analyst T-Shirt,16.99,2021-09-07
Funny Got Data MIS Data Systems Business Analyst T-Shirt,16.99,2021-09-07
Funny Got Data MIS Data Systems Business Analyst T-Shirt,16.99,2021-09-07
Funny Got Data MIS Data Systems Business Analyst T-Shirt,16.99,2021-09-07
Funny Got Data MIS Data Systems Business Analyst T-Shirt,16.99,2021-09-07
Funny Got Data MIS Data Systems Business Analyst T-Shirt,16.99,2021-09-07
Funny Got Data MIS Data Systems Business Analyst T-Shirt,16.99,2021-09-07
Funny Got Data MIS Data Systems Business Analyst T-Shirt,16.99,2021-09-07
Funny Got Data MIS Data Systems Business Analyst T-Shirt,16.99,2021-09-07
Funny Got Data MIS Data Systems Business Analyst T-Shirt,16.99,2021-09-07
Funny Got Data MIS Data Systems Business Analyst T-Shirt,16.99,2021-09-07
Funny Got Data MIS Data Systems Business Analyst T-Shirt,16.99,2021-09-07
Funny Got Data MIS Data Systems Business Analyst T-Shirt,16.99,2021-09-07
Funny Got Data MIS Data Systems Business Analyst T-Shirt,16.99,2021-09-07
Funny Got Data MIS Data Systems Business Analyst T-Shirt,16.99,2021-09-07
Funny Got Data MIS Data Systems Business Analyst T-Shirt,16.99,2021-09-07
Funny Got Data MIS Data Systems Business Analyst T-Shirt,16.99,2021-09-07
Funny Got Data MIS Data Systems Business Analyst T-Shirt,16.99,2021-09-07
Funny Got Data MIS Data Systems Business Analyst T-Shirt,16.99,2021-09-07
Funny Got Data MIS Data Systems Business Analyst T-Shirt,16.99,2021-09-07
Funny Got Data MIS Data Systems Business Analyst T-Shirt,16.99,2021-09-07
Funny Got Data MIS Data Systems Business Analyst T-Shirt,16.99,2021-09-07
Funny Got Data MIS Data Systems Business Analyst T-Shirt,16.99,2021-09-07
Funny Got Data MIS Data Systems Business Analyst T-Shirt,16.99,2021-09-07
Funny Got Data MIS Data Systems Business Analyst T-Shirt,16.99,2021-09-07
Funny Got Data MIS Data Systems Business Analyst T-Shirt,16.99,2021-09-07
Funny Got Data MIS Data Systems Business Analyst T-Shirt,16.99,2021-09-07
Funny Got Data MIS Data Systems Business Analyst T-Shirt,16.99,2021-09-07
Funny Got Data MIS Data Systems Business Analyst T-Shirt,16.99,2021-09-07
Funny Got Data MIS Data Systems Business Analyst T-Shirt,16.99,2021-09-07
Funny Got Data MIS Data Systems Business Analyst T-Shirt,16.99,2021-09-07
Funny Got Data MIS Data Systems Business Analyst T-Shirt,16.99,2021-09-07
Funny Got Data MIS Data Systems Business Analyst T-Shirt,16.99,2021-09-07
Funny Got Data MIS Data Systems Business Analyst T-Shirt,16.99,2021-09-07
Funny Got Data MIS Data Systems Business Analyst T-Shirt,16.99,2021-09-07
Funny Got Data MIS Data Systems Business Analyst T-Shirt,16.99,2021-09-07
Funny Got Data MIS Data Systems Business Analyst T-Shirt,16.99,2021-09-07
Funny Got Data MIS Data Systems Business Analyst T-Shirt,16.99,2021-09-07
Funny Got Data MIS Data Systems Business Analyst T-Shirt,16.99,2021-09-07
Funny Got Data MIS Data Systems Business Analyst T-Shirt,16.99,2021-09-07
